Time(seconds),Bus Name,Signal Name,Data
0.439767750,Async 3,Digital 4,00 Stop Error
0.439768000,Async 3,Digital 3,00 Stop Error
0.532053000,Async 3,Digital 4,FF
1.020983000,Async 3,Digital 4,01
1.021068500,Async 3,Digital 4,03
1.021153750,Async 3,Digital 4,0C
1.021239250,Async 3,Digital 4,00
1.119568500,Async 3,Digital 4,01
1.119654000,Async 3,Digital 4,03
1.119739500,Async 3,Digital 4,0C
1.119825000,Async 3,Digital 4,00
1.218145750,Async 3,Digital 4,01
1.218231250,Async 3,Digital 4,03
1.218316500,Async 3,Digital 4,0C
1.218402000,Async 3,Digital 4,00
1.241361000,Async 3,Digital 3,04
1.241446750,Async 3,Digital 3,0F
1.241532500,Async 3,Digital 3,04
1.241618250,Async 3,Digital 3,00
1.241704000,Async 3,Digital 3,01
1.241790000,Async 3,Digital 3,00
1.241875750,Async 3,Digital 3,00
1.317082000,Async 3,Digital 4,01
1.317169000,Async 3,Digital 4,03
1.317256000,Async 3,Digital 4,0C
1.317343000,Async 3,Digital 4,00
1.431137000,Async 3,Digital 3,04
1.431222750,Async 3,Digital 3,0E
1.431308500,Async 3,Digital 3,04
1.431394250,Async 3,Digital 3,01
1.431480250,Async 3,Digital 3,03
1.431566000,Async 3,Digital 3,0C
1.431651750,Async 3,Digital 3,00
1.431842750,Async 3,Digital 4,01
1.431929750,Async 3,Digital 4,00
1.432016500,Async 3,Digital 4,FC
1.432103500,Async 3,Digital 4,13
1.432190500,Async 3,Digital 4,C2
1.432277500,Async 3,Digital 4,02
1.432364500,Async 3,Digital 4,00
1.432451250,Async 3,Digital 4,09
1.432538250,Async 3,Digital 4,00
1.432625250,Async 3,Digital 4,1E
1.432712250,Async 3,Digital 4,00
1.432799000,Async 3,Digital 4,03
1.432886000,Async 3,Digital 4,70
1.432973000,Async 3,Digital 4,00
1.433059750,Async 3,Digital 4,00
1.433146750,Async 3,Digital 4,FE
1.433233500,Async 3,Digital 4,01
1.433320500,Async 3,Digital 4,01
1.433407500,Async 3,Digital 4,00
1.433494500,Async 3,Digital 4,00
1.433581500,Async 3,Digital 4,00
1.433668500,Async 3,Digital 4,90
1.433755500,Async 3,Digital 4,65
1.434371750,Async 3,Digital 3,04
1.434457500,Async 3,Digital 3,FF
1.434543250,Async 3,Digital 3,13
1.434629000,Async 3,Digital 3,C2
1.434714750,Async 3,Digital 3,01
1.434800750,Async 3,Digital 3,00
1.434886500,Async 3,Digital 3,09
1.434972250,Async 3,Digital 3,00
1.435058000,Async 3,Digital 3,1E
1.435143750,Async 3,Digital 3,00
1.435229750,Async 3,Digital 3,03
1.435315500,Async 3,Digital 3,70
1.435401250,Async 3,Digital 3,00
1.435487000,Async 3,Digital 3,00
1.435573000,Async 3,Digital 3,FE
1.435658750,Async 3,Digital 3,01
1.435744500,Async 3,Digital 3,01
1.435830250,Async 3,Digital 3,00
1.435916000,Async 3,Digital 3,00
1.436002000,Async 3,Digital 3,00
1.436087750,Async 3,Digital 3,90
1.436173500,Async 3,Digital 3,65
1.436337000,Async 3,Digital 4,01
1.436424000,Async 3,Digital 4,00
1.436511000,Async 3,Digital 4,FC
1.436597750,Async 3,Digital 4,13
1.436684750,Async 3,Digital 4,C2
1.436771750,Async 3,Digital 4,02
1.436858750,Async 3,Digital 4,00
1.436945750,Async 3,Digital 4,09
1.437032750,Async 3,Digital 4,00
1.437119500,Async 3,Digital 4,04
1.437206500,Async 3,Digital 4,00
1.437293500,Async 3,Digital 4,03
1.437380500,Async 3,Digital 4,70
1.437467500,Async 3,Digital 4,00
1.437554500,Async 3,Digital 4,00
1.437641250,Async 3,Digital 4,F9
1.437728250,Async 3,Digital 4,01
1.437815250,Async 3,Digital 4,01
1.437902250,Async 3,Digital 4,00
1.437989000,Async 3,Digital 4,00
1.438076000,Async 3,Digital 4,00
1.438163000,Async 3,Digital 4,03
1.438250000,Async 3,Digital 4,00
1.438842000,Async 3,Digital 3,04
1.438927750,Async 3,Digital 3,FF
1.439013500,Async 3,Digital 3,13
1.439099250,Async 3,Digital 3,C2
1.439185250,Async 3,Digital 3,01
1.439271000,Async 3,Digital 3,00
1.439356750,Async 3,Digital 3,09
1.439442500,Async 3,Digital 3,00
1.439528250,Async 3,Digital 3,04
1.439614250,Async 3,Digital 3,00
1.439700000,Async 3,Digital 3,03
1.439785750,Async 3,Digital 3,70
1.439871500,Async 3,Digital 3,00
1.439957250,Async 3,Digital 3,00
1.440043250,Async 3,Digital 3,F9
1.440129000,Async 3,Digital 3,01
1.440214750,Async 3,Digital 3,01
1.440300500,Async 3,Digital 3,00
1.440386250,Async 3,Digital 3,00
1.440472250,Async 3,Digital 3,00
1.440558000,Async 3,Digital 3,03
1.440643750,Async 3,Digital 3,00
1.440809250,Async 3,Digital 4,01
1.440896250,Async 3,Digital 4,00
1.440983250,Async 3,Digital 4,FC
1.441070000,Async 3,Digital 4,13
1.441157000,Async 3,Digital 4,C2
1.441244000,Async 3,Digital 4,02
1.441331000,Async 3,Digital 4,00
1.441418000,Async 3,Digital 4,09
1.441504750,Async 3,Digital 4,00
1.441591750,Async 3,Digital 4,05
1.441678750,Async 3,Digital 4,00
1.441765750,Async 3,Digital 4,03
1.441852750,Async 3,Digital 4,70
1.441939500,Async 3,Digital 4,00
1.442026500,Async 3,Digital 4,00
1.442113500,Async 3,Digital 4,C0
1.442200500,Async 3,Digital 4,01
1.442287500,Async 3,Digital 4,01
1.442374250,Async 3,Digital 4,00
1.442461250,Async 3,Digital 4,00
1.442548250,Async 3,Digital 4,00
1.442635000,Async 3,Digital 4,A8
1.442722000,Async 3,Digital 4,08
1.443312250,Async 3,Digital 3,04
1.443398000,Async 3,Digital 3,FF
1.443483750,Async 3,Digital 3,13
1.443569500,Async 3,Digital 3,C2
1.443655500,Async 3,Digital 3,01
1.443741250,Async 3,Digital 3,00
1.443827000,Async 3,Digital 3,09
1.443912750,Async 3,Digital 3,00
1.443998500,Async 3,Digital 3,05
1.444084500,Async 3,Digital 3,00
1.444170250,Async 3,Digital 3,03
1.444256000,Async 3,Digital 3,70
1.444341750,Async 3,Digital 3,00
1.444427750,Async 3,Digital 3,00
1.444513500,Async 3,Digital 3,C0
1.444599250,Async 3,Digital 3,01
1.444685000,Async 3,Digital 3,01
1.444770750,Async 3,Digital 3,00
1.444856750,Async 3,Digital 3,00
1.444942500,Async 3,Digital 3,00
1.445028250,Async 3,Digital 3,A8
1.445114000,Async 3,Digital 3,08
1.445330750,Async 3,Digital 4,01
1.445417750,Async 3,Digital 4,00
1.445504750,Async 3,Digital 4,FC
1.445591750,Async 3,Digital 4,19
1.445678500,Async 3,Digital 4,C2
1.445765500,Async 3,Digital 4,02
1.445852500,Async 3,Digital 4,00
1.445939500,Async 3,Digital 4,0C
1.446026500,Async 3,Digital 4,00
1.446113500,Async 3,Digital 4,08
1.446200250,Async 3,Digital 4,00
1.446287250,Async 3,Digital 4,03
1.446374250,Async 3,Digital 4,70
1.446461250,Async 3,Digital 4,00
1.446548250,Async 3,Digital 4,00
1.446635250,Async 3,Digital 4,01
1.446722000,Async 3,Digital 4,00
1.446809000,Async 3,Digital 4,04
1.446896000,Async 3,Digital 4,00
1.446983000,Async 3,Digital 4,00
1.447070000,Async 3,Digital 4,00
1.447157000,Async 3,Digital 4,45
1.447244000,Async 3,Digital 4,00
1.447331000,Async 3,Digital 4,46
1.447418000,Async 3,Digital 4,4F
1.447504750,Async 3,Digital 4,B8
1.447591750,Async 3,Digital 4,00
1.447678750,Async 3,Digital 4,64
1.447765750,Async 3,Digital 4,DC
1.448366000,Async 3,Digital 3,04
1.448451750,Async 3,Digital 3,FF
1.448537500,Async 3,Digital 3,19
1.448623250,Async 3,Digital 3,C2
1.448709250,Async 3,Digital 3,01
1.448795000,Async 3,Digital 3,00
1.448880750,Async 3,Digital 3,0C
1.448966500,Async 3,Digital 3,00
1.449052250,Async 3,Digital 3,08
1.449138250,Async 3,Digital 3,00
1.449224000,Async 3,Digital 3,03
1.449309750,Async 3,Digital 3,70
1.449395500,Async 3,Digital 3,00
1.449481250,Async 3,Digital 3,00
1.449567250,Async 3,Digital 3,01
1.449653000,Async 3,Digital 3,00
1.449738750,Async 3,Digital 3,04
1.449824500,Async 3,Digital 3,00
1.449910250,Async 3,Digital 3,00
1.449996250,Async 3,Digital 3,00
1.450082000,Async 3,Digital 3,45
1.450167750,Async 3,Digital 3,00
1.450253500,Async 3,Digital 3,46
1.450339250,Async 3,Digital 3,4F
1.450425250,Async 3,Digital 3,B8
1.450511000,Async 3,Digital 3,00
1.450596750,Async 3,Digital 3,64
1.450682500,Async 3,Digital 3,DC
1.450845000,Async 3,Digital 4,01
1.450932000,Async 3,Digital 4,00
1.451019000,Async 3,Digital 4,FC
1.451106000,Async 3,Digital 4,15
1.451193000,Async 3,Digital 4,C2
1.451280000,Async 3,Digital 4,02
1.451367000,Async 3,Digital 4,00
1.451454000,Async 3,Digital 4,0A
1.451541000,Async 3,Digital 4,00
1.451628000,Async 3,Digital 4,09
1.451715000,Async 3,Digital 4,00
1.451802000,Async 3,Digital 4,03
1.451888750,Async 3,Digital 4,70
1.451975750,Async 3,Digital 4,00
1.452062750,Async 3,Digital 4,00
1.452149750,Async 3,Digital 4,EA
1.452236750,Async 3,Digital 4,01
1.452323750,Async 3,Digital 4,02
1.452410750,Async 3,Digital 4,00
1.452497500,Async 3,Digital 4,00
1.452584500,Async 3,Digital 4,00
1.452671500,Async 3,Digital 4,01
1.452758500,Async 3,Digital 4,00
1.452845500,Async 3,Digital 4,00
1.452932250,Async 3,Digital 4,C2
1.453531250,Async 3,Digital 3,04
1.453617000,Async 3,Digital 3,FF
1.453702750,Async 3,Digital 3,15
1.453788500,Async 3,Digital 3,C2
1.453874250,Async 3,Digital 3,01
1.453960250,Async 3,Digital 3,00
1.454046000,Async 3,Digital 3,0A
1.454131750,Async 3,Digital 3,00
1.454217500,Async 3,Digital 3,09
1.454303500,Async 3,Digital 3,00
1.454389250,Async 3,Digital 3,03
1.454475000,Async 3,Digital 3,70
1.454560750,Async 3,Digital 3,00
1.454646500,Async 3,Digital 3,00
1.454732500,Async 3,Digital 3,EA
1.454818250,Async 3,Digital 3,01
1.454904000,Async 3,Digital 3,02
1.454989750,Async 3,Digital 3,00
1.455075500,Async 3,Digital 3,00
1.455161500,Async 3,Digital 3,00
1.455247250,Async 3,Digital 3,01
1.455333000,Async 3,Digital 3,00
1.455418750,Async 3,Digital 3,00
1.455504500,Async 3,Digital 3,C2
1.455669250,Async 3,Digital 4,01
1.455756250,Async 3,Digital 4,00
1.455843250,Async 3,Digital 4,FC
1.455930250,Async 3,Digital 4,13
1.456017250,Async 3,Digital 4,C2
1.456104250,Async 3,Digital 4,02
1.456191250,Async 3,Digital 4,00
1.456278250,Async 3,Digital 4,09
1.456365250,Async 3,Digital 4,00
1.456452000,Async 3,Digital 4,4D
1.456539000,Async 3,Digital 4,0E
1.456626000,Async 3,Digital 4,02
1.456713000,Async 3,Digital 4,40
1.456800000,Async 3,Digital 4,00
1.456887000,Async 3,Digital 4,00
1.456973750,Async 3,Digital 4,00
1.457060750,Async 3,Digital 4,00
1.457147750,Async 3,Digital 4,00
1.457234500,Async 3,Digital 4,00
1.457321500,Async 3,Digital 4,00
1.457408500,Async 3,Digital 4,00
1.457495500,Async 3,Digital 4,00
1.457582500,Async 3,Digital 4,00
1.554220750,Async 3,Digital 4,01
1.554307750,Async 3,Digital 4,00
1.554394750,Async 3,Digital 4,FC
1.554481750,Async 3,Digital 4,13
1.554568750,Async 3,Digital 4,C2
1.554655750,Async 3,Digital 4,02
1.554742500,Async 3,Digital 4,00
1.554829500,Async 3,Digital 4,09
1.554916500,Async 3,Digital 4,00
1.555003500,Async 3,Digital 4,A0
1.555090500,Async 3,Digital 4,00
1.555177500,Async 3,Digital 4,04
1.555264500,Async 3,Digital 4,50
1.555351500,Async 3,Digital 4,00
1.555438500,Async 3,Digital 4,00
1.555525500,Async 3,Digital 4,1D
1.555612250,Async 3,Digital 4,00
1.555699250,Async 3,Digital 4,3A
1.555786250,Async 3,Digital 4,00
1.555873250,Async 3,Digital 4,00
1.555960250,Async 3,Digital 4,00
1.556047250,Async 3,Digital 4,00
1.556134250,Async 3,Digital 4,00
1.777953250,Async 3,Digital 3,04
1.778040000,Async 3,Digital 3,FF
1.778126750,Async 3,Digital 3,13
1.778213250,Async 3,Digital 3,C2
1.778300000,Async 3,Digital 3,01
1.778386750,Async 3,Digital 3,00
1.778473500,Async 3,Digital 3,09
1.778560250,Async 3,Digital 3,00
1.778647000,Async 3,Digital 3,A0
1.778733500,Async 3,Digital 3,00
1.778820250,Async 3,Digital 3,04
1.778907000,Async 3,Digital 3,50
1.778993750,Async 3,Digital 3,00
1.779080500,Async 3,Digital 3,00
1.779167250,Async 3,Digital 3,1D
1.779253750,Async 3,Digital 3,00
1.779340500,Async 3,Digital 3,3A
1.779427250,Async 3,Digital 3,00
1.779514000,Async 3,Digital 3,00
1.779600750,Async 3,Digital 3,00
1.779687500,Async 3,Digital 3,00
1.779774250,Async 3,Digital 3,00
1.779948750,Async 3,Digital 4,01
1.779965000,Async 3,Digital 3,04
1.780035750,Async 3,Digital 4,09
1.780051500,Async 3,Digital 3,0F
1.780122500,Async 3,Digital 4,10
1.780138250,Async 3,Digital 3,04
1.780209500,Async 3,Digital 4,00
1.780225000,Async 3,Digital 3,00
1.780311750,Async 3,Digital 3,01
1.780398500,Async 3,Digital 3,00
1.780485250,Async 3,Digital 3,00
1.780754000,Async 3,Digital 3,04
1.780840750,Async 3,Digital 3,0E
1.780927500,Async 3,Digital 3,0A
1.781014000,Async 3,Digital 3,01
1.781100750,Async 3,Digital 3,09
1.781187500,Async 3,Digital 3,10
1.781274250,Async 3,Digital 3,00
1.781361000,Async 3,Digital 3,46
1.781447750,Async 3,Digital 3,4F
1.781534250,Async 3,Digital 3,45
1.781621000,Async 3,Digital 3,B8
1.781707750,Async 3,Digital 3,64
1.781794500,Async 3,Digital 3,DC
1.781972750,Async 3,Digital 4,01
1.782059750,Async 3,Digital 4,05
1.782146750,Async 3,Digital 4,10
1.782233500,Async 3,Digital 4,00
1.782739750,Async 3,Digital 3,04
1.782826250,Async 3,Digital 3,0E
1.782913000,Async 3,Digital 3,0B
1.782999750,Async 3,Digital 3,01
1.783086500,Async 3,Digital 3,05
1.783173250,Async 3,Digital 3,10
1.783260000,Async 3,Digital 3,00
1.783346750,Async 3,Digital 3,36
1.783433250,Async 3,Digital 3,01
1.783520000,Async 3,Digital 3,40
1.783606750,Async 3,Digital 3,0A
1.783693500,Async 3,Digital 3,00
1.783780250,Async 3,Digital 3,08
1.783867000,Async 3,Digital 3,00
1.784563250,Async 3,Digital 4,01
1.784650250,Async 3,Digital 4,03
1.784737250,Async 3,Digital 4,10
1.784824250,Async 3,Digital 4,00
1.785323750,Async 3,Digital 3,04
1.785410250,Async 3,Digital 3,0E
1.785497000,Async 3,Digital 3,0C
1.785583750,Async 3,Digital 3,01
1.785670500,Async 3,Digital 3,03
1.785757250,Async 3,Digital 3,10
1.785844000,Async 3,Digital 3,00
1.785930500,Async 3,Digital 3,FF
1.786017250,Async 3,Digital 3,FF
1.786104000,Async 3,Digital 3,8F
1.786190750,Async 3,Digital 3,FE
1.786277500,Async 3,Digital 3,DB
1.786364250,Async 3,Digital 3,FF
1.786451000,Async 3,Digital 3,5B
1.786537500,Async 3,Digital 3,87
1.786743250,Async 3,Digital 4,01
1.786830250,Async 3,Digital 4,01
1.786917250,Async 3,Digital 4,0C
1.787004250,Async 3,Digital 4,08
1.787091000,Async 3,Digital 4,FF
1.787178000,Async 3,Digital 4,FF
1.787265000,Async 3,Digital 4,FF
1.787351750,Async 3,Digital 4,FF
1.787438750,Async 3,Digital 4,FF
1.787525750,Async 3,Digital 4,FF
1.787612750,Async 3,Digital 4,FF
1.787699500,Async 3,Digital 4,3F
1.788167750,Async 3,Digital 3,04
1.788254500,Async 3,Digital 3,0E
1.788341250,Async 3,Digital 3,04
1.788428000,Async 3,Digital 3,01
1.788514500,Async 3,Digital 3,01
1.788601250,Async 3,Digital 3,0C
1.788688000,Async 3,Digital 3,00
1.788875000,Async 3,Digital 4,01
1.788961750,Async 3,Digital 4,18
1.789048750,Async 3,Digital 4,0C
1.789135750,Async 3,Digital 4,02
1.789222500,Async 3,Digital 4,00
1.789309500,Async 3,Digital 4,20
1.790630250,Async 3,Digital 3,04
1.790717000,Async 3,Digital 3,0E
1.790803750,Async 3,Digital 3,04
1.790890500,Async 3,Digital 3,01
1.790977250,Async 3,Digital 3,18
1.791064000,Async 3,Digital 3,0C
1.791150500,Async 3,Digital 3,00
1.791329750,Async 3,Digital 4,01
1.791416750,Async 3,Digital 4,24
1.791503500,Async 3,Digital 4,0C
1.791590750,Async 3,Digital 4,03
1.791677500,Async 3,Digital 4,04
1.791764750,Async 3,Digital 4,04
1.791851500,Async 3,Digital 4,24
1.792312500,Async 3,Digital 3,04
1.792399250,Async 3,Digital 3,0E
1.792486000,Async 3,Digital 3,04
1.792572750,Async 3,Digital 3,01
1.792659500,Async 3,Digital 3,24
1.792746000,Async 3,Digital 3,0C
1.792832750,Async 3,Digital 3,00
1.793124750,Async 3,Digital 4,01
1.793211750,Async 3,Digital 4,13
1.793298500,Async 3,Digital 4,0C
1.793385500,Async 3,Digital 4,F8
1.793472250,Async 3,Digital 4,49
1.793559250,Async 3,Digital 4,50
1.793646250,Async 3,Digital 4,4F
1.793733000,Async 3,Digital 4,53
1.793820000,Async 3,Digital 4,30
1.793907000,Async 3,Digital 4,31
1.793994000,Async 3,Digital 4,38
1.794080750,Async 3,Digital 4,38
1.794167750,Async 3,Digital 4,33
1.794254750,Async 3,Digital 4,36
1.794341500,Async 3,Digital 4,33
1.794428500,Async 3,Digital 4,34
1.794515500,Async 3,Digital 4,00
1.794602500,Async 3,Digital 4,00
1.794689500,Async 3,Digital 4,00
1.794776250,Async 3,Digital 4,00
1.794863250,Async 3,Digital 4,00
1.794950250,Async 3,Digital 4,00
1.795037250,Async 3,Digital 4,00
1.795124000,Async 3,Digital 4,00
1.795211000,Async 3,Digital 4,00
1.795298000,Async 3,Digital 4,00
1.795385000,Async 3,Digital 4,00
1.795472000,Async 3,Digital 4,00
1.795558750,Async 3,Digital 4,00
1.795645750,Async 3,Digital 4,00
1.795732750,Async 3,Digital 4,00
1.795819500,Async 3,Digital 4,00
1.795906500,Async 3,Digital 4,00
1.795993500,Async 3,Digital 4,00
1.796080500,Async 3,Digital 4,00
1.796167250,Async 3,Digital 4,00
1.796254250,Async 3,Digital 4,00
1.796341000,Async 3,Digital 4,00
1.796428000,Async 3,Digital 4,00
1.796515000,Async 3,Digital 4,00
1.796602000,Async 3,Digital 4,00
1.796689000,Async 3,Digital 4,00
1.796775750,Async 3,Digital 4,00
1.796862750,Async 3,Digital 4,00
1.796949750,Async 3,Digital 4,00
1.797036500,Async 3,Digital 4,00
1.797123500,Async 3,Digital 4,00
1.797210500,Async 3,Digital 4,00
1.797297250,Async 3,Digital 4,00
1.797384250,Async 3,Digital 4,00
1.797471250,Async 3,Digital 4,00
1.797558250,Async 3,Digital 4,00
1.797645250,Async 3,Digital 4,00
1.797732000,Async 3,Digital 4,00
1.797819000,Async 3,Digital 4,00
1.797906000,Async 3,Digital 4,00
1.797992750,Async 3,Digital 4,00
1.798079750,Async 3,Digital 4,00
1.798166750,Async 3,Digital 4,00
1.798253500,Async 3,Digital 4,00
1.798340500,Async 3,Digital 4,00
1.798427500,Async 3,Digital 4,00
1.798514500,Async 3,Digital 4,00
1.798601500,Async 3,Digital 4,00
1.798688250,Async 3,Digital 4,00
1.798775250,Async 3,Digital 4,00
1.798862250,Async 3,Digital 4,00
1.798949000,Async 3,Digital 4,00
1.799036000,Async 3,Digital 4,00
1.799123000,Async 3,Digital 4,00
1.799209750,Async 3,Digital 4,00
1.799296750,Async 3,Digital 4,00
1.799383750,Async 3,Digital 4,00
1.799470750,Async 3,Digital 4,00
1.799557500,Async 3,Digital 4,00
1.799644500,Async 3,Digital 4,00
1.799731500,Async 3,Digital 4,00
1.799818500,Async 3,Digital 4,00
1.799905250,Async 3,Digital 4,00
1.799994000,Async 3,Digital 4,00
1.800081000,Async 3,Digital 4,00
1.800168000,Async 3,Digital 4,00
1.800254750,Async 3,Digital 4,00
1.800341750,Async 3,Digital 4,00
1.800428750,Async 3,Digital 4,00
1.800515750,Async 3,Digital 4,00
1.800602750,Async 3,Digital 4,00
1.800689500,Async 3,Digital 4,00
1.800776500,Async 3,Digital 4,00
1.800863500,Async 3,Digital 4,00
1.800950500,Async 3,Digital 4,00
1.801037250,Async 3,Digital 4,00
1.801124250,Async 3,Digital 4,00
1.801211250,Async 3,Digital 4,00
1.801298250,Async 3,Digital 4,00
1.801385000,Async 3,Digital 4,00
1.801472000,Async 3,Digital 4,00
1.801559000,Async 3,Digital 4,00
1.801646000,Async 3,Digital 4,00
1.801733000,Async 3,Digital 4,00
1.801819750,Async 3,Digital 4,00
1.801906750,Async 3,Digital 4,00
1.801993750,Async 3,Digital 4,00
1.802080500,Async 3,Digital 4,00
1.802167500,Async 3,Digital 4,00
1.802254500,Async 3,Digital 4,00
1.802341500,Async 3,Digital 4,00
1.802428250,Async 3,Digital 4,00
1.802515250,Async 3,Digital 4,00
1.802602250,Async 3,Digital 4,00
1.802689250,Async 3,Digital 4,00
1.802776250,Async 3,Digital 4,00
1.802863000,Async 3,Digital 4,00
1.802950000,Async 3,Digital 4,00
1.803037000,Async 3,Digital 4,00
1.803124000,Async 3,Digital 4,00
1.803211000,Async 3,Digital 4,00
1.803297750,Async 3,Digital 4,00
1.803384750,Async 3,Digital 4,00
1.803471750,Async 3,Digital 4,00
1.803558750,Async 3,Digital 4,00
1.803645750,Async 3,Digital 4,00
1.803732500,Async 3,Digital 4,00
1.803819500,Async 3,Digital 4,00
1.803906500,Async 3,Digital 4,00
1.803993500,Async 3,Digital 4,00
1.804080500,Async 3,Digital 4,00
1.804167500,Async 3,Digital 4,00
1.804254250,Async 3,Digital 4,00
1.804341250,Async 3,Digital 4,00
1.804428250,Async 3,Digital 4,00
1.804515250,Async 3,Digital 4,00
1.804602250,Async 3,Digital 4,00
1.804689000,Async 3,Digital 4,00
1.804776000,Async 3,Digital 4,00
1.804863000,Async 3,Digital 4,00
1.804949750,Async 3,Digital 4,00
1.805037000,Async 3,Digital 4,00
1.805123750,Async 3,Digital 4,00
1.805210750,Async 3,Digital 4,00
1.805297750,Async 3,Digital 4,00
1.805384750,Async 3,Digital 4,00
1.805471750,Async 3,Digital 4,00
1.805558500,Async 3,Digital 4,00
1.805645500,Async 3,Digital 4,00
1.805732500,Async 3,Digital 4,00
1.805819500,Async 3,Digital 4,00
1.805906250,Async 3,Digital 4,00
1.805993250,Async 3,Digital 4,00
1.806080250,Async 3,Digital 4,00
1.806167250,Async 3,Digital 4,00
1.806254250,Async 3,Digital 4,00
1.806341000,Async 3,Digital 4,00
1.806428000,Async 3,Digital 4,00
1.806515000,Async 3,Digital 4,00
1.806601750,Async 3,Digital 4,00
1.806688750,Async 3,Digital 4,00
1.806775750,Async 3,Digital 4,00
1.806862750,Async 3,Digital 4,00
1.806949750,Async 3,Digital 4,00
1.807036500,Async 3,Digital 4,00
1.807123500,Async 3,Digital 4,00
1.807210500,Async 3,Digital 4,00
1.807297500,Async 3,Digital 4,00
1.807384250,Async 3,Digital 4,00
1.807471250,Async 3,Digital 4,00
1.807558250,Async 3,Digital 4,00
1.807645250,Async 3,Digital 4,00
1.807732250,Async 3,Digital 4,00
1.807819250,Async 3,Digital 4,00
1.807906000,Async 3,Digital 4,00
1.807993000,Async 3,Digital 4,00
1.808080000,Async 3,Digital 4,00
1.808167000,Async 3,Digital 4,00
1.808253750,Async 3,Digital 4,00
1.808340750,Async 3,Digital 4,00
1.808427750,Async 3,Digital 4,00
1.808514500,Async 3,Digital 4,00
1.808601500,Async 3,Digital 4,00
1.808688500,Async 3,Digital 4,00
1.808775500,Async 3,Digital 4,00
1.808862250,Async 3,Digital 4,00
1.808949250,Async 3,Digital 4,00
1.809036250,Async 3,Digital 4,00
1.809123250,Async 3,Digital 4,00
1.809210250,Async 3,Digital 4,00
1.809297000,Async 3,Digital 4,00
1.809384000,Async 3,Digital 4,00
1.809471000,Async 3,Digital 4,00
1.809558000,Async 3,Digital 4,00
1.809645000,Async 3,Digital 4,00
1.809731750,Async 3,Digital 4,00
1.809818750,Async 3,Digital 4,00
1.809905750,Async 3,Digital 4,00
1.809992750,Async 3,Digital 4,00
1.810079500,Async 3,Digital 4,00
1.810166500,Async 3,Digital 4,00
1.810253500,Async 3,Digital 4,00
1.810340500,Async 3,Digital 4,00
1.810427500,Async 3,Digital 4,00
1.810514500,Async 3,Digital 4,00
1.810601500,Async 3,Digital 4,00
1.810688250,Async 3,Digital 4,00
1.810775250,Async 3,Digital 4,00
1.810862250,Async 3,Digital 4,00
1.810949250,Async 3,Digital 4,00
1.811036250,Async 3,Digital 4,00
1.811123000,Async 3,Digital 4,00
1.811210000,Async 3,Digital 4,00
1.811296750,Async 3,Digital 4,00
1.811383750,Async 3,Digital 4,00
1.811470750,Async 3,Digital 4,00
1.811557750,Async 3,Digital 4,00
1.811644750,Async 3,Digital 4,00
1.811731500,Async 3,Digital 4,00
1.811818500,Async 3,Digital 4,00
1.811905500,Async 3,Digital 4,00
1.811992500,Async 3,Digital 4,00
1.812079250,Async 3,Digital 4,00
1.812166250,Async 3,Digital 4,00
1.812253250,Async 3,Digital 4,00
1.812340250,Async 3,Digital 4,00
1.812427250,Async 3,Digital 4,00
1.812514000,Async 3,Digital 4,00
1.812601000,Async 3,Digital 4,00
1.812688000,Async 3,Digital 4,00
1.812775000,Async 3,Digital 4,00
1.812862000,Async 3,Digital 4,00
1.812949000,Async 3,Digital 4,00
1.813036000,Async 3,Digital 4,00
1.813123000,Async 3,Digital 4,00
1.813210000,Async 3,Digital 4,00
1.813297000,Async 3,Digital 4,00
1.813383750,Async 3,Digital 4,00
1.813470750,Async 3,Digital 4,00
1.813557750,Async 3,Digital 4,00
1.813644750,Async 3,Digital 4,00
1.813731750,Async 3,Digital 4,00
1.813818750,Async 3,Digital 4,00
1.813905750,Async 3,Digital 4,00
1.813992750,Async 3,Digital 4,00
1.814079500,Async 3,Digital 4,00
1.814166500,Async 3,Digital 4,00
1.814253500,Async 3,Digital 4,00
1.814340500,Async 3,Digital 4,00
1.814427250,Async 3,Digital 4,00
1.814514250,Async 3,Digital 4,00
1.814601250,Async 3,Digital 4,00
1.814688250,Async 3,Digital 4,00
1.814775500,Async 3,Digital 4,00
1.814862250,Async 3,Digital 4,00
1.814949250,Async 3,Digital 4,00
1.815559750,Async 3,Digital 3,04
1.815646500,Async 3,Digital 3,0E
1.815733250,Async 3,Digital 3,04
1.815820000,Async 3,Digital 3,01
1.815906500,Async 3,Digital 3,13
1.815993250,Async 3,Digital 3,0C
1.816080000,Async 3,Digital 3,00
1.816263500,Async 3,Digital 4,01
1.816350500,Async 3,Digital 4,20
1.816437500,Async 3,Digital 4,0C
1.816524500,Async 3,Digital 4,01
1.816611500,Async 3,Digital 4,00
1.818022250,Async 3,Digital 3,04
1.818109000,Async 3,Digital 3,0E
1.818195750,Async 3,Digital 3,04
1.818282500,Async 3,Digital 3,01
1.818369250,Async 3,Digital 3,20
1.818456000,Async 3,Digital 3,0C
1.818542750,Async 3,Digital 3,00
1.818724750,Async 3,Digital 4,01
1.818811750,Async 3,Digital 4,1E
1.818898750,Async 3,Digital 4,0C
1.818985500,Async 3,Digital 4,04
1.819072500,Async 3,Digital 4,00
1.819159500,Async 3,Digital 4,02
1.819246250,Async 3,Digital 4,12
1.819333250,Async 3,Digital 4,00
1.819791250,Async 3,Digital 3,04
1.819878000,Async 3,Digital 3,0E
1.819964750,Async 3,Digital 3,04
1.820051500,Async 3,Digital 3,01
1.820138000,Async 3,Digital 3,1E
1.820224750,Async 3,Digital 3,0C
1.820311500,Async 3,Digital 3,00
1.820491250,Async 3,Digital 4,01
1.820578250,Async 3,Digital 4,1C
1.820665250,Async 3,Digital 4,0C
1.820752250,Async 3,Digital 4,04
1.820839250,Async 3,Digital 4,90
1.820926250,Async 3,Digital 4,00
1.821013000,Async 3,Digital 4,12
1.821100000,Async 3,Digital 4,00
1.821586250,Async 3,Digital 3,04
1.821673000,Async 3,Digital 3,0E
1.821759500,Async 3,Digital 3,04
1.821846250,Async 3,Digital 3,01
1.821933000,Async 3,Digital 3,1C
1.822019750,Async 3,Digital 3,0C
1.822106500,Async 3,Digital 3,00
1.822286750,Async 3,Digital 4,01
1.822373750,Async 3,Digital 4,45
1.822462250,Async 3,Digital 4,0C
1.822549250,Async 3,Digital 4,01
1.822636250,Async 3,Digital 4,02
1.824048750,Async 3,Digital 3,04
1.824135500,Async 3,Digital 3,0E
1.824222250,Async 3,Digital 3,04
1.824309000,Async 3,Digital 3,01
1.824395500,Async 3,Digital 3,45
1.824482250,Async 3,Digital 3,0C
1.824569000,Async 3,Digital 3,00
1.824874500,Async 3,Digital 4,01
1.824961500,Async 3,Digital 4,52
1.825048500,Async 3,Digital 4,0C
1.825135500,Async 3,Digital 4,F1
1.825222500,Async 3,Digital 4,01
1.825309500,Async 3,Digital 4,0D
1.825396750,Async 3,Digital 4,09
1.825483750,Async 3,Digital 4,49
1.825570750,Async 3,Digital 4,50
1.825657750,Async 3,Digital 4,4F
1.825744750,Async 3,Digital 4,53
1.825832000,Async 3,Digital 4,30
1.825918750,Async 3,Digital 4,31
1.826006000,Async 3,Digital 4,38
1.826093000,Async 3,Digital 4,38
1.826180000,Async 3,Digital 4,33
1.826267000,Async 3,Digital 4,36
1.826354000,Async 3,Digital 4,33
1.826441000,Async 3,Digital 4,34
1.826528000,Async 3,Digital 4,00
1.826615000,Async 3,Digital 4,00
1.826702000,Async 3,Digital 4,00
1.826789000,Async 3,Digital 4,00
1.826876000,Async 3,Digital 4,00
1.826963000,Async 3,Digital 4,00
1.827050000,Async 3,Digital 4,00
1.827136750,Async 3,Digital 4,00
1.827223750,Async 3,Digital 4,00
1.827310750,Async 3,Digital 4,00
1.827397750,Async 3,Digital 4,00
1.827484750,Async 3,Digital 4,00
1.827571750,Async 3,Digital 4,00
1.827658750,Async 3,Digital 4,00
1.827745500,Async 3,Digital 4,00
1.827832500,Async 3,Digital 4,00
1.827919500,Async 3,Digital 4,00
1.828006500,Async 3,Digital 4,00
1.828093500,Async 3,Digital 4,00
1.828180500,Async 3,Digital 4,00
1.828267250,Async 3,Digital 4,00
1.828354250,Async 3,Digital 4,00
1.828441250,Async 3,Digital 4,00
1.828528250,Async 3,Digital 4,00
1.828615250,Async 3,Digital 4,00
1.828702250,Async 3,Digital 4,00
1.828789250,Async 3,Digital 4,00
1.828876250,Async 3,Digital 4,00
1.828963000,Async 3,Digital 4,00
1.829050000,Async 3,Digital 4,00
1.829137000,Async 3,Digital 4,00
1.829224000,Async 3,Digital 4,00
1.829311000,Async 3,Digital 4,00
1.829397750,Async 3,Digital 4,00
1.829484750,Async 3,Digital 4,00
1.829571750,Async 3,Digital 4,00
1.829658750,Async 3,Digital 4,00
1.829745750,Async 3,Digital 4,00
1.829832750,Async 3,Digital 4,00
1.829919750,Async 3,Digital 4,00
1.830006500,Async 3,Digital 4,00
1.830093500,Async 3,Digital 4,00
1.830180500,Async 3,Digital 4,00
1.830267500,Async 3,Digital 4,00
1.830354500,Async 3,Digital 4,00
1.830441500,Async 3,Digital 4,00
1.830528500,Async 3,Digital 4,00
1.830615500,Async 3,Digital 4,00
1.830702500,Async 3,Digital 4,00
1.830789250,Async 3,Digital 4,00
1.830876250,Async 3,Digital 4,00
1.830963250,Async 3,Digital 4,00
1.831050250,Async 3,Digital 4,00
1.831137250,Async 3,Digital 4,00
1.831224250,Async 3,Digital 4,00
1.831311250,Async 3,Digital 4,00
1.831398250,Async 3,Digital 4,00
1.831485000,Async 3,Digital 4,00
1.831572000,Async 3,Digital 4,00
1.831659000,Async 3,Digital 4,00
1.831746000,Async 3,Digital 4,00
1.831833000,Async 3,Digital 4,00
1.831920000,Async 3,Digital 4,00
1.832007000,Async 3,Digital 4,00
1.832094000,Async 3,Digital 4,00
1.832180750,Async 3,Digital 4,00
1.832267750,Async 3,Digital 4,00
1.832354750,Async 3,Digital 4,00
1.832441750,Async 3,Digital 4,00
1.832528750,Async 3,Digital 4,00
1.832615750,Async 3,Digital 4,00
1.832702750,Async 3,Digital 4,00
1.832789750,Async 3,Digital 4,00
1.832876500,Async 3,Digital 4,00
1.832963500,Async 3,Digital 4,00
1.833050500,Async 3,Digital 4,00
1.833137500,Async 3,Digital 4,00
1.833224500,Async 3,Digital 4,00
1.833311250,Async 3,Digital 4,00
1.833398250,Async 3,Digital 4,00
1.833485250,Async 3,Digital 4,00
1.833572250,Async 3,Digital 4,00
1.833659250,Async 3,Digital 4,00
1.833746250,Async 3,Digital 4,00
1.833833250,Async 3,Digital 4,00
1.833920000,Async 3,Digital 4,00
1.834007000,Async 3,Digital 4,00
1.834094000,Async 3,Digital 4,00
1.834182250,Async 3,Digital 4,00
1.834269250,Async 3,Digital 4,00
1.834356250,Async 3,Digital 4,00
1.834443250,Async 3,Digital 4,00
1.834530000,Async 3,Digital 4,00
1.834617000,Async 3,Digital 4,00
1.834704000,Async 3,Digital 4,00
1.834791000,Async 3,Digital 4,00
1.834878000,Async 3,Digital 4,00
1.834965000,Async 3,Digital 4,00
1.835052000,Async 3,Digital 4,00
1.835138750,Async 3,Digital 4,00
1.835225750,Async 3,Digital 4,00
1.835312750,Async 3,Digital 4,00
1.835399750,Async 3,Digital 4,00
1.835486750,Async 3,Digital 4,00
1.835573750,Async 3,Digital 4,00
1.835660750,Async 3,Digital 4,00
1.835747750,Async 3,Digital 4,00
1.835834750,Async 3,Digital 4,00
1.835921750,Async 3,Digital 4,00
1.836008750,Async 3,Digital 4,00
1.836095750,Async 3,Digital 4,00
1.836182750,Async 3,Digital 4,00
1.836269750,Async 3,Digital 4,00
1.836356750,Async 3,Digital 4,00
1.836443750,Async 3,Digital 4,00
1.836530750,Async 3,Digital 4,00
1.836617750,Async 3,Digital 4,00
1.836704750,Async 3,Digital 4,00
1.836791750,Async 3,Digital 4,00
1.836878750,Async 3,Digital 4,00
1.836965750,Async 3,Digital 4,00
1.837052750,Async 3,Digital 4,00
1.837139750,Async 3,Digital 4,00
1.837226750,Async 3,Digital 4,00
1.837313750,Async 3,Digital 4,00
1.837400750,Async 3,Digital 4,00
1.837487750,Async 3,Digital 4,00
1.837574750,Async 3,Digital 4,00
1.837661750,Async 3,Digital 4,00
1.837748750,Async 3,Digital 4,00
1.837835750,Async 3,Digital 4,00
1.837922750,Async 3,Digital 4,00
1.838009500,Async 3,Digital 4,00
1.838096500,Async 3,Digital 4,00
1.838183500,Async 3,Digital 4,00
1.838270500,Async 3,Digital 4,00
1.838357500,Async 3,Digital 4,00
1.838444500,Async 3,Digital 4,00
1.838531250,Async 3,Digital 4,00
1.838618500,Async 3,Digital 4,00
1.838705250,Async 3,Digital 4,00
1.838792250,Async 3,Digital 4,00
1.838879250,Async 3,Digital 4,00
1.838966250,Async 3,Digital 4,00
1.839053250,Async 3,Digital 4,00
1.839140250,Async 3,Digital 4,00
1.839227000,Async 3,Digital 4,00
1.839314000,Async 3,Digital 4,00
1.839401000,Async 3,Digital 4,00
1.839488000,Async 3,Digital 4,00
1.839575000,Async 3,Digital 4,00
1.839662000,Async 3,Digital 4,00
1.839749000,Async 3,Digital 4,00
1.839836000,Async 3,Digital 4,00
1.839923000,Async 3,Digital 4,00
1.840009750,Async 3,Digital 4,00
1.840096750,Async 3,Digital 4,00
1.840183750,Async 3,Digital 4,00
1.840270750,Async 3,Digital 4,00
1.840357750,Async 3,Digital 4,00
1.840444750,Async 3,Digital 4,00
1.840531750,Async 3,Digital 4,00
1.840618750,Async 3,Digital 4,00
1.840705750,Async 3,Digital 4,00
1.840792500,Async 3,Digital 4,00
1.840879500,Async 3,Digital 4,00
1.840966500,Async 3,Digital 4,00
1.841053500,Async 3,Digital 4,00
1.841140500,Async 3,Digital 4,00
1.841227500,Async 3,Digital 4,00
1.841314500,Async 3,Digital 4,00
1.841401500,Async 3,Digital 4,00
1.841488500,Async 3,Digital 4,00
1.841575500,Async 3,Digital 4,00
1.841662250,Async 3,Digital 4,00
1.841749250,Async 3,Digital 4,00
1.841836250,Async 3,Digital 4,00
1.841923250,Async 3,Digital 4,00
1.842010250,Async 3,Digital 4,00
1.842097250,Async 3,Digital 4,00
1.842184250,Async 3,Digital 4,00
1.842271000,Async 3,Digital 4,00
1.842358000,Async 3,Digital 4,00
1.842445000,Async 3,Digital 4,00
1.842532000,Async 3,Digital 4,00
1.842619000,Async 3,Digital 4,00
1.842706000,Async 3,Digital 4,00
1.842792750,Async 3,Digital 4,00
1.842879750,Async 3,Digital 4,00
1.842968500,Async 3,Digital 4,00
1.843055250,Async 3,Digital 4,00
1.843142500,Async 3,Digital 4,00
1.843229500,Async 3,Digital 4,00
1.843316500,Async 3,Digital 4,00
1.843403500,Async 3,Digital 4,00
1.843490500,Async 3,Digital 4,00
1.843577500,Async 3,Digital 4,00
1.843664500,Async 3,Digital 4,00
1.843751500,Async 3,Digital 4,00
1.843838500,Async 3,Digital 4,00
1.843925250,Async 3,Digital 4,00
1.844012250,Async 3,Digital 4,00
1.844099250,Async 3,Digital 4,00
1.844186250,Async 3,Digital 4,00
1.844273250,Async 3,Digital 4,00
1.844360500,Async 3,Digital 4,00
1.844447500,Async 3,Digital 4,00
1.844534250,Async 3,Digital 4,00
1.844621500,Async 3,Digital 4,00
1.844708500,Async 3,Digital 4,00
1.844795250,Async 3,Digital 4,00
1.844882250,Async 3,Digital 4,00
1.844969250,Async 3,Digital 4,00
1.845056250,Async 3,Digital 4,00
1.845143250,Async 3,Digital 4,00
1.845230250,Async 3,Digital 4,00
1.845317000,Async 3,Digital 4,00
1.845404000,Async 3,Digital 4,00
1.845491000,Async 3,Digital 4,00
1.845578250,Async 3,Digital 4,00
1.845665250,Async 3,Digital 4,00
1.845752250,Async 3,Digital 4,00
1.845839250,Async 3,Digital 4,00
1.845926000,Async 3,Digital 4,00
1.846013250,Async 3,Digital 4,00
1.846100250,Async 3,Digital 4,00
1.848067750,Async 3,Digital 3,04
1.848154500,Async 3,Digital 3,0E
1.848241250,Async 3,Digital 3,04
1.848327750,Async 3,Digital 3,01
1.848414500,Async 3,Digital 3,52
1.848501250,Async 3,Digital 3,0C
1.848588000,Async 3,Digital 3,00
1.848772750,Async 3,Digital 4,01
1.848859750,Async 3,Digital 4,1A
1.848946750,Async 3,Digital 4,0C
1.849033750,Async 3,Digital 4,01
1.849120750,Async 3,Digital 4,00
1.850547750,Async 3,Digital 3,04
1.850634250,Async 3,Digital 3,0E
1.850721000,Async 3,Digital 3,04
1.850807750,Async 3,Digital 3,01
1.850894500,Async 3,Digital 3,1A
1.850981250,Async 3,Digital 3,0C
1.851068000,Async 3,Digital 3,00
1.851247750,Async 3,Digital 4,01
1.851334750,Async 3,Digital 4,02
1.851421500,Async 3,Digital 4,20
1.851508500,Async 3,Digital 4,00
1.852004500,Async 3,Digital 3,04
1.852091000,Async 3,Digital 3,0E
1.852177750,Async 3,Digital 3,07
1.852264500,Async 3,Digital 3,01
1.852351250,Async 3,Digital 3,02
1.852438000,Async 3,Digital 3,20
1.852524750,Async 3,Digital 3,00
1.852611250,Async 3,Digital 3,00
1.852698000,Async 3,Digital 3,00
1.852784750,Async 3,Digital 3,00
1.853273750,Async 3,Digital 4,01
1.853360750,Async 3,Digital 4,6D
1.853447750,Async 3,Digital 4,0C
1.853534750,Async 3,Digital 4,02
1.853621750,Async 3,Digital 4,01
1.853708750,Async 3,Digital 4,00
1.855056500,Async 3,Digital 3,04
1.855143250,Async 3,Digital 3,0E
1.855230000,Async 3,Digital 3,04
1.855316750,Async 3,Digital 3,01
1.855403500,Async 3,Digital 3,6D
1.855490250,Async 3,Digital 3,0C
1.855576750,Async 3,Digital 3,00
1.855774250,Async 3,Digital 4,01
1.855861250,Async 3,Digital 4,0B
1.855948250,Async 3,Digital 4,20
1.856035250,Async 3,Digital 4,07
1.856122000,Async 3,Digital 4,01
1.856209000,Async 3,Digital 4,E0
1.856296000,Async 3,Digital 4,01
1.856383000,Async 3,Digital 4,30
1.856470000,Async 3,Digital 4,00
1.856557000,Async 3,Digital 4,00
1.856644000,Async 3,Digital 4,00
1.857137750,Async 3,Digital 3,04
1.857224500,Async 3,Digital 3,0E
1.857311000,Async 3,Digital 3,04
1.857397750,Async 3,Digital 3,01
1.857484500,Async 3,Digital 3,0B
1.857571250,Async 3,Digital 3,20
1.857658000,Async 3,Digital 3,00
1.857871000,Async 3,Digital 4,01
1.857958000,Async 3,Digital 4,1A
1.858045000,Async 3,Digital 4,0C
1.858132000,Async 3,Digital 4,01
1.858219000,Async 3,Digital 4,03
1.859973000,Async 3,Digital 3,04
1.860059750,Async 3,Digital 3,0E
1.860146500,Async 3,Digital 3,04
1.860233250,Async 3,Digital 3,01
1.860320000,Async 3,Digital 3,1A
1.860406750,Async 3,Digital 3,0C
1.860493500,Async 3,Digital 3,00
1.860729750,Async 3,Digital 4,01
1.860816750,Async 3,Digital 4,08
1.860903750,Async 3,Digital 4,20
1.860990750,Async 3,Digital 4,20
1.861077500,Async 3,Digital 4,12
1.861164500,Async 3,Digital 4,02
1.861251500,Async 3,Digital 4,01
1.861338500,Async 3,Digital 4,01
1.861425500,Async 3,Digital 4,0E
1.861512250,Async 3,Digital 4,09
1.861599250,Async 3,Digital 4,49
1.861686250,Async 3,Digital 4,50
1.861773250,Async 3,Digital 4,4F
1.861860000,Async 3,Digital 4,53
1.861947000,Async 3,Digital 4,30
1.862034000,Async 3,Digital 4,31
1.862121000,Async 3,Digital 4,38
1.862208000,Async 3,Digital 4,38
1.862294750,Async 3,Digital 4,33
1.862381750,Async 3,Digital 4,36
1.862468750,Async 3,Digital 4,33
1.862555500,Async 3,Digital 4,34
1.862642500,Async 3,Digital 4,00
1.862729500,Async 3,Digital 4,00
1.862816500,Async 3,Digital 4,00
1.862903250,Async 3,Digital 4,00
1.862990250,Async 3,Digital 4,00
1.863077250,Async 3,Digital 4,00
1.863164250,Async 3,Digital 4,00
1.863251000,Async 3,Digital 4,00
1.863338000,Async 3,Digital 4,00
1.863425000,Async 3,Digital 4,00
1.863512000,Async 3,Digital 4,00
1.863599000,Async 3,Digital 4,00
1.863686000,Async 3,Digital 4,00
1.863772750,Async 3,Digital 4,00
1.864352000,Async 3,Digital 3,04
1.864438750,Async 3,Digital 3,0E
1.864525500,Async 3,Digital 3,04
1.864612250,Async 3,Digital 3,01
1.864698750,Async 3,Digital 3,08
1.864785500,Async 3,Digital 3,20
1.864872250,Async 3,Digital 3,00
1.865059500,Async 3,Digital 4,01
1.865146500,Async 3,Digital 4,09
1.865233250,Async 3,Digital 4,20
1.865320250,Async 3,Digital 4,20
1.865407250,Async 3,Digital 4,1F
1.865494000,Async 3,Digital 4,02
1.865581000,Async 3,Digital 4,01
1.865668000,Async 3,Digital 4,01
1.865754750,Async 3,Digital 4,0E
1.865841750,Async 3,Digital 4,09
1.865928500,Async 3,Digital 4,49
1.866015500,Async 3,Digital 4,50
1.866102500,Async 3,Digital 4,4F
1.866189250,Async 3,Digital 4,53
1.866276250,Async 3,Digital 4,30
1.866363250,Async 3,Digital 4,31
1.866450000,Async 3,Digital 4,38
1.866537000,Async 3,Digital 4,38
1.866623750,Async 3,Digital 4,33
1.866710750,Async 3,Digital 4,36
1.866797750,Async 3,Digital 4,33
1.866884500,Async 3,Digital 4,34
1.866971500,Async 3,Digital 4,00
1.867058500,Async 3,Digital 4,00
1.867145250,Async 3,Digital 4,00
1.867232250,Async 3,Digital 4,00
1.867319250,Async 3,Digital 4,00
1.867406000,Async 3,Digital 4,00
1.867493000,Async 3,Digital 4,00
1.867579750,Async 3,Digital 4,00
1.867666750,Async 3,Digital 4,00
1.867753500,Async 3,Digital 4,00
1.867840500,Async 3,Digital 4,00
1.867927250,Async 3,Digital 4,00
1.868014250,Async 3,Digital 4,00
1.868101000,Async 3,Digital 4,00
1.868696250,Async 3,Digital 3,04
1.868783000,Async 3,Digital 3,0E
1.868869750,Async 3,Digital 3,04
1.868956500,Async 3,Digital 3,01
1.869043000,Async 3,Digital 3,09
1.869129750,Async 3,Digital 3,20
1.869216500,Async 3,Digital 3,00
1.869413250,Async 3,Digital 4,01
1.869500000,Async 3,Digital 4,0A
1.869587000,Async 3,Digital 4,20
1.869673750,Async 3,Digital 4,01
1.869760750,Async 3,Digital 4,01
1.872338000,Async 3,Digital 3,04
1.872424750,Async 3,Digital 3,0E
1.872511500,Async 3,Digital 3,04
1.872598250,Async 3,Digital 3,01
1.872685000,Async 3,Digital 3,0A
1.872771750,Async 3,Digital 3,20
1.872858500,Async 3,Digital 3,00
